{
    "Version": "2012-10-17",
    "Statement": [
        {
            "Sid": "VisualEditor0",
            "Effect": "Allow",
            "Action": [
                "dynamodb:PutItem",
                "dynamodb:UpdateItem",
                "dynamodb:Get*",
                "dynamodb:Query",
                "dynamodb:Scan",
                "dynamodb:BatchWrite*",
                "dynamodb:CreateTable",
                "dynamodb:Delete*"
            ],
            "Resource": "arn:aws:dynamodb:us-east-1:025416187662:table/Votes"
        }
    ]
}
